,Experiment Index,Size,Trial,Time
count,39746.0,39746.0,39746.0,39746.0
mean,112.0289588889448,3979.2431942837015,50.34584612288029,64.38781764202687
std,62.29366487505533,4552.148392951686,28.871972417454366,123.08199055044125
min,1.0,100.0,1.0,0.01
25%,57.0,100.0,25.0,0.03
50%,114.0,1000.0,50.0,1.42
75%,167.0,10000.0,75.0,69.9075
max,216.0,10000.0,100.0,713.84
